id,name,email,phone,mobile,category,address,city,country,creation_date,edit_date,creator_id,editor_id
1,Abastible,, +1 224-667-6100,,Pharmaceuticals,,North Chicago,Chile,2021-01-21 20:20:31.431839,2021-01-21 20:20:31.431988,1,1
2,Abbott,,,,Proyectos Agua,,Santiago,Chile,2021-01-21 20:20:31.431839,2021-01-21 20:20:31.431988,1,1
3,Abengoa,,,,Proyectos Agua,,,Chile,2021-01-21 20:20:31.431839,2021-01-21 20:20:31.431988,1,1
4,Acciona,, +56 2 2269 6681,,Proyectos Agua,,,Chile,2021-01-21 20:20:31.431839,2021-01-21 20:20:31.431988,1,1
5,Acuasud,, +1 319-395-7751,,Utilities,,Arlington,Chile,2021-01-21 20:20:31.431839,2021-01-21 20:20:31.431988,1,1
6,AES Gener,,,,Food Production,,,Chile,2021-01-21 20:20:31.431839,2021-01-21 20:20:31.431988,1,1
7,Agrosuper,,,,Proveedor,,,Chile,2021-01-21 20:20:31.431839,2021-01-21 20:20:31.431988,1,1
8,Aguaquim,, +56 2 2582 7441,,Proyectos Agua,,,Chile,2021-01-21 20:20:31.431839,2021-01-21 20:20:31.431988,1,1
9,Aguas Alemanas,, +56 224273000,,,,Las Condes,Chile,2021-01-21 20:20:31.431839,2021-01-21 20:20:31.431988,1,1
10,Aguas CCU Nestlé - Casablanca,, +56 224273000,,,,Las Condes,Chile,2021-01-21 20:20:31.431839,2021-01-21 20:20:31.431988,1,1
11,Aguas CCU Nestlé - Casablanca,, +56 224273000,,,,Las Condes,Chile,2021-01-21 20:20:31.431839,2021-01-21 20:20:31.431988,1,1
12,Aguas CCU Nestlé - Coinco,,56 52 220 3200,,Aguas Municipales,,Copiapó,Chile,2021-01-21 20:20:31.431839,2021-01-21 20:20:31.431988,1,1
13,Aguas Chañar S.A.,,,,Proyectos Agua,,Las Condes,Chile,2021-01-21 20:20:31.431839,2021-01-21 20:20:31.431988,1,1
14,Aguas Claras,,,,Aguas Municipales,,Las Condes,Chile,2021-01-21 20:20:31.431839,2021-01-21 20:20:31.431988,1,1
15,Aguas del Altiplano,,,,Aguas Municipales,,Punta Arenas,Chile,2021-01-21 20:20:31.431839,2021-01-21 20:20:31.431988,1,1
16,Aguas Magallanes,,56 22 733 4600,,Aguas Municipales,,Santiago,Chile,2021-01-21 20:20:31.431839,2021-01-21 20:20:31.431988,1,1
17,Aguas Nuevas,,,,Proyectos Agua,,,Chile,2021-01-21 20:20:31.431839,2021-01-21 20:20:31.431988,1,1
18,Aguas Pacífico SpA,, +56 2 2277 5877,,Proyectos Agua,,Santiago,Chile,2021-01-21 20:20:31.431839,2021-01-21 20:20:31.431988,1,1
19,Aguas Sipra,,,,Proyectos Agua,,Santiago,Chile,2021-01-21 20:20:31.431839,2021-01-21 20:20:31.431988,1,1
20,Aguas y Riles,, +56 2 2270 9500,,Proyectos Agua,,Lampa,Chile,2021-01-21 20:20:31.431839,2021-01-21 20:20:31.431988,1,1
21,Aguasin,,,,Cemento y Áridos,,Santiago,Chile,2021-01-21 20:20:31.431839,2021-01-21 20:20:31.431988,1,1
22,AGUSTINAS,,,,Chemicals,,Paris,Chile,2021-01-21 20:20:31.431839,2021-01-21 20:20:31.431988,1,1
23,Air Liquide Chile,,,,Cemento y Áridos,,,Chile,2021-01-21 20:20:31.431839,2021-01-21 20:20:31.431988,1,1
24,Aislantes Nacionales,,,,Food Production,,Pudahuel,Chile,2021-01-21 20:20:31.431839,2021-01-21 20:20:31.431988,1,1
25,Alcafood,,,,Food & Beverages,,Maipu,Chile,2021-01-21 20:20:31.431839,2021-01-21 20:20:31.431988,1,1
26,Alimentos Fruna,,56224826500,,Food Production,,Santiago,Chile,2021-01-21 20:20:31.431839,2021-01-21 20:20:31.431988,1,1
27,Alimentos Winkler,,551230233365,,Food & Beverages,,Sao Paulo,Chile,2021-01-21 20:20:31.431839,2021-01-21 20:20:31.431988,1,1
28,Ambev,,61392269000,,Packaging and Containers,,Hawthorn,Chile,2021-01-21 20:20:31.431839,2021-01-21 20:20:31.431988,1,1
29,Amcor Limited,, +56 2 2441 1895,,Food & Beverages,,Cerrillos,Chile,2021-01-21 20:20:31.431839,2021-01-21 20:20:31.431988,1,1
30,AMF Etiquetas,,,,,,,Chile,2021-01-21 20:20:31.431839,2021-01-21 20:20:31.431988,1,1
31,antartic.cl,, +56 2 2274 3221,,Proveedor,,,Chile,2021-01-21 20:20:31.431839,2021-01-21 20:20:31.431988,1,1
32,Antilhue,,,,Proveedor,,Valencia,Chile,2021-01-21 20:20:31.431839,2021-01-21 20:20:31.431988,1,1
33,Aptein,, +56 2 2811 0714,,Proyectos Agua,,Santiago,Chile,2021-01-21 20:20:31.431839,2021-01-21 20:20:31.431988,1,1
34,Aquavant,,56 32 226 0000,,,,Valparaiso,Chile,2021-01-21 20:20:31.431839,2021-01-21 20:20:31.431988,1,1
35,Astilleros y Maestranzas de la Armada de Chile,, +56 2 2663 5300,,Chemicals,,,Chile,2021-01-21 20:20:31.431839,2021-01-21 20:20:31.431988,1,1
36,Austral Chemicals Chile S.A.,,,,Fishery,,,Chile,2021-01-21 20:20:31.431839,2021-01-21 20:20:31.431988,1,1
37,Australis,,,,Packaging and Containers,,Quilicura,Chile,2021-01-21 20:20:31.431839,2021-01-21 20:20:31.431988,1,1
38,B.O. Packaging S.A.,, +1 303-469-5511,,Packaging and Containers,,Broomfield,Chile,2021-01-21 20:20:31.431839,2021-01-21 20:20:31.431988,1,1
39,Ball Corporation,,,,Chemicals,,Ludwigshafen am Rhein,Chile,2021-01-21 20:20:31.431839,2021-01-21 20:20:31.431988,1,1
40,BASF SE,,,,Proyectos,,,Chile,2021-01-21 20:20:31.431839,2021-01-21 20:20:31.431988,1,1
41,Bec Ingeniería Y Construcciones,,2035635800,,Cosmetics,,,Chile,2021-01-21 20:20:31.431839,2021-01-21 20:20:31.431988,1,1
42,Beiersdorf,,,,Chemicals,,,Chile,2021-01-21 20:20:31.431839,2021-01-21 20:20:31.431988,1,1
43,Bravo Energy,, +1 281-894-5454,,Proveedor,,Pudahuel,Chile,2021-01-21 20:20:31.431839,2021-01-21 20:20:31.431988,1,1
44,Bray Controls S.A.,, +56 224402400,,Chemicals,,Mülheim,Chile,2021-01-21 20:20:31.431839,2021-01-21 20:20:31.431988,1,1
45,Brenntag AG,, +44 20 7845 1000,,Tobacco,,London,Chile,2021-01-21 20:20:31.431839,2021-01-21 20:20:31.431988,1,1
46,British American Tobacco,,,,Proveedor,,Ingelfingen,Chile,2021-01-21 20:20:31.431839,2021-01-21 20:20:31.431988,1,1
47,Bürkert Werke GmbH & Co. KG,,,,Proyectos,,,Chile,2021-01-21 20:20:31.431839,2021-01-21 20:20:31.431988,1,1
48,Calderas Chile Ltda,,,,Proyectos,,Cerro Navia,Chile,2021-01-21 20:20:31.431839,2021-01-21 20:20:31.431988,1,1
49,Calderas Industriales SPA,, +56 223776400,,Food Production,,San Bernardo,Chile,2021-01-21 20:20:31.431839,2021-01-21 20:20:31.431988,1,1
50,Carozzi,, +56 2 2480 6940,,Wine and Spirits,,Casablanca,Chile,2021-01-21 20:20:31.431839,2021-01-21 20:20:31.431988,1,1
51,Casas del Bosque,, +56 2 2381 1828,,Food Production,,Santiago,Chile,2021-01-21 20:20:31.431839,2021-01-21 20:20:31.431988,1,1
52,Castaño,, +56 224273000,,,,Las Condes,Chile,2021-01-21 20:20:31.431839,2021-01-21 20:20:31.431988,1,1
53,CCU S.A.,, +1 617-452-6000,,Civil Engineering,,Boston,Chile,2021-01-21 20:20:31.431839,2021-01-21 20:20:31.431988,1,1
54,CDM Smith,,,,,,,Chile,2021-01-21 20:20:31.431839,2021-01-21 20:20:31.431988,1,1
55,Centrohidraulico,, +56 224273000,,,,Las Condes,Chile,2021-01-21 20:20:31.431839,2021-01-21 20:20:31.431988,1,1
56,Cervecera CCU Chile,,,,Food & Beverages,,Santiago,Chile,2021-01-21 20:20:31.431839,2021-01-21 20:20:31.431988,1,1
57,Cervecería Chile S.A.,,,,Food & Beverages,,Santiago,Chile,2021-01-21 20:20:31.431839,2021-01-21 20:20:31.431988,1,1
58,Cerveza Quimera,,,,Food Production,,Santiago,Chile,2021-01-21 20:20:31.431839,2021-01-21 20:20:31.431988,1,1
59,CIAL Alimentos S.A.,,56 22 487 2000,,Proyectos,,Las Condes,Chile,2021-01-21 20:20:31.431839,2021-01-21 20:20:31.431988,1,1
60,Claro Vicuña Valenzuela,,,,Chemicals,,Quilicura,Chile,2021-01-21 20:20:31.431839,2021-01-21 20:20:31.431988,1,1
61,Cloramon,, +1 510-271-7000,,Chemicals,,Quilicura,Chile,2021-01-21 20:20:31.431839,2021-01-21 20:20:31.431988,1,1
62,Clorox Chile,, +56 2 2426 3614,,Food & Beverages,,San Bernardo,Chile,2021-01-21 20:20:31.431839,2021-01-21 20:20:31.431988,1,1
63,Coca Cola de Chile,,,,Chemicals,,Santiago,Chile,2021-01-21 20:20:31.431839,2021-01-21 20:20:31.431988,1,1
64,Codelpa,, +56 222991400,,Food & Beverages,,Concon,Chile,2021-01-21 20:20:31.431839,2021-01-21 20:20:31.431988,1,1
65,Cola-Cola Embonor,, +56 224604000,,Utilities,,Las Condes,Chile,2021-01-21 20:20:31.431839,2021-01-21 20:20:31.431988,1,1
66,Colbún S.A.,,,,Wine and Spirits,,Pirque,Chile,2021-01-21 20:20:31.431839,2021-01-21 20:20:31.431988,1,1
67,Concha y Toro,,,,Oil & Energy,,Santiago,Chile,2021-01-21 20:20:31.431839,2021-01-21 20:20:31.431988,1,1
68,COPEC,, +91 2 225188010,,Cosmetics,,Mumbai,Chile,2021-01-21 20:20:31.431839,2021-01-21 20:20:31.431988,1,1
69,Cosmética Nacional,,,,,,Santiago,Chile,2021-01-21 20:20:31.431839,2021-01-21 20:20:31.431988,1,1
70,Cosmoplas S.A.,,,,Proyectos Agua,,Santiago,Chile,2021-01-21 20:20:31.431839,2021-01-21 20:20:31.431988,1,1
71,Cotaco Ltda,, +56 224413770,,"Glass, Ceramics & Concrete",,Padre Hurtado,Chile,2021-01-21 20:20:31.431839,2021-01-21 20:20:31.431988,1,1
72,Cristalerias de Chile,,,,"Glass, Ceramics & Concrete",,,Chile,2021-01-21 20:20:31.431839,2021-01-21 20:20:31.431988,1,1
73,Cristalerías Toro S.A.I.C.,,4103051147,,Logistics and Supply Chain,,Odenton,Chile,2021-01-21 20:20:31.431839,2021-01-21 20:20:31.431988,1,1
74,DB SCHENKER,,56222239662,,,,Santiago,Chile,2021-01-21 20:20:31.431839,2021-01-21 20:20:31.431988,1,1
75,Derechos Reservados Provaltec,,,,Chemicals,,,Chile,2021-01-21 20:20:31.431839,2021-01-21 20:20:31.431988,1,1
76,Detergentes RO,, +56 2 2774 5500,,Proyectos Agua,,,Chile,2021-01-21 20:20:31.431839,2021-01-21 20:20:31.431988,1,1
77,DLC S.A.,,,,Legal Services,,,Chile,2021-01-21 20:20:31.431839,2021-01-21 20:20:31.431988,1,1
78,DLP,,55 47 3372 9000,,Food & Beverages,,Jaragua Do Sul,Chile,2021-01-21 20:20:31.431839,2021-01-21 20:20:31.431988,1,1
79,Duas Rodas,,,,Plastics,,Santiago,Chile,2021-01-21 20:20:31.431839,2021-01-21 20:20:31.431988,1,1
80,DVP,,,,Proyectos,,,Chile,2021-01-21 20:20:31.431839,2021-01-21 20:20:31.431988,1,1
81,"Echeverria, Izquiedo Montajes Industriales S.A.",,,,Food Production,,Casablanca,Chile,2021-01-21 20:20:31.431839,2021-01-21 20:20:31.431988,1,1
82,Eckart Alimentos,, +56 2 3268 7893,,Proyectos Agua,,Puente Alto,Chile,2021-01-21 20:20:31.431839,2021-01-21 20:20:31.431988,1,1
83,EcoAqua Chile Ltda.,, +56 2 2334 6422,,Proyectos Agua,,Santiago,Chile,2021-01-21 20:20:31.431839,2021-01-21 20:20:31.431988,1,1
84,Ecopreneur Chile,,,,Proyectos Agua,,,Chile,2021-01-21 20:20:31.431839,2021-01-21 20:20:31.431988,1,1
85,Ecosystem,, +56 223854500,,,,Santiago,Chile,2021-01-21 20:20:31.431839,2021-01-21 20:20:31.431988,1,1
86,EDELPA S.A.,,,,Chemicals,,Quilicura,Chile,2021-01-21 20:20:31.431839,2021-01-21 20:20:31.431988,1,1
87,Egle Cooper,, +56 9 9079 3532,,Oil & Energy,,Las Condes,Chile,2021-01-21 20:20:31.431839,2021-01-21 20:20:31.431988,1,1
88,Electrogas S.A.,, +56 223380501,,,,Renca,Chile,2021-01-21 20:20:31.431839,2021-01-21 20:20:31.431988,1,1
89,Embotelladora Andina,,,,Food & Beverages,,,Chile,2021-01-21 20:20:31.431839,2021-01-21 20:20:31.431988,1,1
90,Embotelladora Metropolitana S.A.,, +56 224273000,,,,Las Condes,Chile,2021-01-21 20:20:31.431839,2021-01-21 20:20:31.431988,1,1
91,Embotelladoras Chilenas Unidas (ECUSA),,937-498-3011,,,,St. Louis,Chile,2021-01-21 20:20:31.431839,2021-01-21 20:20:31.431988,1,1
92,Emerson Electric,,,,Chemicals,,Viña Del Mar,Chile,2021-01-21 20:20:31.431839,2021-01-21 20:20:31.431988,1,1
93,Empresas Demaria S.A.,,,,Oil & Energy,,Las Condes,Chile,2021-01-21 20:20:31.431839,2021-01-21 20:20:31.431988,1,1
94,Empresas Lipigas S.A.,,,,Oil & Energy,,,Chile,2021-01-21 20:20:31.431839,2021-01-21 20:20:31.431988,1,1
95,ENAP Refinerias,,,,Utilities,,Andover,Chile,2021-01-21 20:20:31.431839,2021-01-21 20:20:31.431988,1,1
96,Enel,, +56 223380501,,,,Renca,Chile,2021-01-21 20:20:31.431839,2021-01-21 20:20:31.431988,1,1
97,Envases Central,,,,Packaging and Containers,,,Chile,2021-01-21 20:20:31.431839,2021-01-21 20:20:31.431988,1,1
98,Envases Visopack,,,,Proyectos,,,Chile,2021-01-21 20:20:31.431839,2021-01-21 20:20:31.431988,1,1
99,Errazuriz & Asociados,,56 22 328 3776,,Oil & Energy,,Las Condes,Chile,2021-01-21 20:20:31.431839,2021-01-21 20:20:31.431988,1,1
100,Esmax,, +46 87885100,,Consumer Goods,,Stockholm,Chile,2021-01-21 20:20:31.431839,2021-01-21 20:20:31.431988,1,1
101,Essity,, +56 322209000,,Utilities,,Valparaiso,Chile,2021-01-21 20:20:31.431839,2021-01-21 20:20:31.431988,1,1
102,ESVAL,, +56 2 3213 6300,,Proveedor,,,Chile,2021-01-21 20:20:31.431839,2021-01-21 20:20:31.431988,1,1
103,Eswi,,56 22 680 3000,,Construction,,Macul,Chile,2021-01-21 20:20:31.431839,2021-01-21 20:20:31.431988,1,1
104,Eurovia (Bitumix),,,,Chemicals,,san bernardo,Chile,2021-01-21 20:20:31.431839,2021-01-21 20:20:31.431988,1,1
105,Excell Chile (Brillex),, +56 2 2676 3300,,Food Production,,Santiago,Chile,2021-01-21 20:20:31.431839,2021-01-21 20:20:31.431988,1,1
106,Fiordo Austral,,,,International Trade and Development,,Doral,Chile,2021-01-21 20:20:31.431839,2021-01-21 20:20:31.431988,1,1
107,Fluid Handling Support Corp,, +1 469-398-7000,,Proyectos,,Irving,Chile,2021-01-21 20:20:31.431839,2021-01-21 20:20:31.431988,1,1
108,Fluor Corporation,,,,Oil & Energy,,Santiago,Chile,2021-01-21 20:20:31.431839,2021-01-21 20:20:31.431988,1,1
109,Gasmar,,,,Environmental Services,,,Chile,2021-01-21 20:20:31.431839,2021-01-21 20:20:31.431988,1,1
110,GEMAT,,,,Mining & Metals,,Sao Paulo,Chile,2021-01-21 20:20:31.431839,2021-01-21 20:20:31.431988,1,1
111,Gerdau (AZA),,56 22 499 0900,,Oil & Energy,,Las Condes,Chile,2021-01-21 20:20:31.431839,2021-01-21 20:20:31.431988,1,1
112,GNL Quintero,, +1 316-684-1540,,Electrical/Electronic Manufacturing,,Wichita,Chile,2021-01-21 20:20:31.431839,2021-01-21 20:20:31.431988,1,1
113,Great Plains Ventures,, +52 5 552686600,,Food Production,,Mexico City,Chile,2021-01-21 20:20:31.431839,2021-01-21 20:20:31.431988,1,1
114,Grupo Bimbo,,,,Proyectos Agua,,Houston,Chile,2021-01-21 20:20:31.431839,2021-01-21 20:20:31.431988,1,1
115,Grupo COBRA,,,,Proyectos Agua,,Madrid,Chile,2021-01-21 20:20:31.431839,2021-01-21 20:20:31.431988,1,1
116,Grupo COBRA,,,,Food & Beverages,,,Chile,2021-01-21 20:20:31.431839,2021-01-21 20:20:31.431988,1,1
117,Guallarauco,,,,Chemicals,,Santiago,Chile,2021-01-21 20:20:31.431839,2021-01-21 20:20:31.431988,1,1
118,Harting,,,,Chemicals,,Palo Alto,Chile,2021-01-21 20:20:31.431839,2021-01-21 20:20:31.431988,1,1
119,Henkel Chile,,,,Civil Engineering,,Santiago,Chile,2021-01-21 20:20:31.431839,2021-01-21 20:20:31.431988,1,1
120,Hidrogestion,, +56 2 2570 5700,,Environmental Services,,Santiago,Chile,2021-01-21 20:20:31.431839,2021-01-21 20:20:31.431988,1,1
121,Hidronor,,,,Civil Engineering,,Quilicura,Chile,2021-01-21 20:20:31.431839,2021-01-21 20:20:31.431988,1,1
122,Hidrosan Ingeniería S.A.,,,,,,,Chile,2021-01-21 20:20:31.431839,2021-01-21 20:20:31.431988,1,1
123,hifima.cl,, +886 2 2344 5488,,International Trade and Development,,Taipei,Chile,2021-01-21 20:20:31.431839,2021-01-21 20:20:31.431988,1,1
124,HiNet Technology,, +1 888-482-7768,,Computer Software,,Cambridge,Chile,2021-01-21 20:20:31.431839,2021-01-21 20:20:31.431988,1,1
125,"HubSpot, Inc.",,,,Proyectos Agua,,,Chile,2021-01-21 20:20:31.431839,2021-01-21 20:20:31.431988,1,1
126,Hydroionic,,56 2 2487 1800,,,,Quilicura,Chile,2021-01-21 20:20:31.431839,2021-01-21 20:20:31.431988,1,1
127,ICB S.A,,,,Proyectos,,,Chile,2021-01-21 20:20:31.431839,2021-01-21 20:20:31.431988,1,1
128,ICM,,,,Proyectos Agua,,Kadima Zoran,Chile,2021-01-21 20:20:31.431839,2021-01-21 20:20:31.431988,1,1
129,IDE Technologies,,,,,,,Chile,2021-01-21 20:20:31.431839,2021-01-21 20:20:31.431988,1,1
130,impofusion.cl,,,,Chemicals,,Los Cerrillos,Chile,2021-01-21 20:20:31.431839,2021-01-21 20:20:31.431988,1,1
131,Indura,, +56 32 287 5747,,Food Production,,Viña Del Mar,Chile,2021-01-21 20:20:31.431839,2021-01-21 20:20:31.431988,1,1
132,Industrias Neuchatel,,,,Mechanical or Industrial Engineering,,,Chile,2021-01-21 20:20:31.431839,2021-01-21 20:20:31.431988,1,1
133,Ingeniería de Fluidos Chile,,4149344100,,Renewables & Environment,,Milwaukee,Chile,2021-01-21 20:20:31.431839,2021-01-21 20:20:31.431988,1,1
134,Ingeteam,,,,Proyectos Agua,,,Chile,2021-01-21 20:20:31.431839,2021-01-21 20:20:31.431988,1,1
135,Inima Chile,, + 56 2 2237 3696,,Proyectos Agua,,Macul,Chile,2021-01-21 20:20:31.431839,2021-01-21 20:20:31.431988,1,1
136,Inquinat Ltda.,,,,Mechanical or Industrial Engineering,,,Chile,2021-01-21 20:20:31.431839,2021-01-21 20:20:31.431988,1,1
137,Instalaciones Industriales Gaston,,,,Mining & Metals,,Santiago,Chile,2021-01-21 20:20:31.431839,2021-01-21 20:20:31.431988,1,1
138,Intecbol Ltda,,,,Cosmetics,,Colina,Chile,2021-01-21 20:20:31.431839,2021-01-21 20:20:31.431988,1,1
139,Intercos,,,,,,,Chile,2021-01-21 20:20:31.431839,2021-01-21 20:20:31.431988,1,1
140,isotecnica.cl,,,,Pharmaceuticals,,Lampa,Chile,2021-01-21 20:20:31.431839,2021-01-21 20:20:31.431988,1,1
141,ITF-Labomed,,,,Paper & Forest Products,,lampa,Chile,2021-01-21 20:20:31.431839,2021-01-21 20:20:31.431988,1,1
142,Jeld-Wen Chile,,,,Food Production,,,Chile,2021-01-21 20:20:31.431839,2021-01-21 20:20:31.431988,1,1
143,Juan Bas Alimentos,, +56 2 2713 0400,,Building Materials,,Santiago,Chile,2021-01-21 20:20:31.431839,2021-01-21 20:20:31.431988,1,1
144,Krah,,56229253000,,Cosmetics,,,Chile,2021-01-21 20:20:31.431839,2021-01-21 20:20:31.431988,1,1
145,Laboratorio Ballerina,,223901300,,Pharmaceuticals,,Santiago,Chile,2021-01-21 20:20:31.431839,2021-01-21 20:20:31.431988,1,1
146,Laboratorio Biosano,,223655000,,Pharmaceuticals,,Santiago,Chile,2021-01-21 20:20:31.431839,2021-01-21 20:20:31.431988,1,1
147,Laboratorio Chile,,800 200 242,,Cosmetics,,,Chile,2021-01-21 20:20:31.431839,2021-01-21 20:20:31.431988,1,1
148,Laboratorio Davis,, +56 2 2587 9000,,Cosmetics,,Santiago,Chile,2021-01-21 20:20:31.431839,2021-01-21 20:20:31.431988,1,1
149,Laboratorio Dukay S.A.,,,,Cosmetics,,Santiago,Chile,2021-01-21 20:20:31.431839,2021-01-21 20:20:31.431988,1,1
150,Laboratorio Durandin,,228707500,,Pharmaceuticals,,cerrillos,Chile,2021-01-21 20:20:31.431839,2021-01-21 20:20:31.431988,1,1
151,Laboratorios Prater,,,,Pharmaceuticals,,,Chile,2021-01-21 20:20:31.431839,2021-01-21 20:20:31.431988,1,1
152,Laboratorios SAVAL S.A.,,,,Food Production,,,Chile,2021-01-21 20:20:31.431839,2021-01-21 20:20:31.431988,1,1
153,Lesaffre Chile,,,,Plastics,,,Chile,2021-01-21 20:20:31.431839,2021-01-21 20:20:31.431988,1,1
154,Logipak,,,,Proveedor,,,Chile,2021-01-21 20:20:31.431839,2021-01-21 20:20:31.431988,1,1
155,Maestranza Leone,,32 4 361 76 17,,Mining & Metals,,Vaux-Sous-Chèvremont,Chile,2021-01-21 20:20:31.431839,2021-01-21 20:20:31.431988,1,1
156,Magotteaux,,,,Proyectos,,,Chile,2021-01-21 20:20:31.431839,2021-01-21 20:20:31.431988,1,1
157,Magre Montajes y Proyectos,,,,Proyectos,,Pudahuel,Chile,2021-01-21 20:20:31.431839,2021-01-21 20:20:31.431988,1,1
158,MAQSA,,,,Chemicals,,Conchalí,Chile,2021-01-21 20:20:31.431839,2021-01-21 20:20:31.431988,1,1
159,Marzullo (Top Color),,,,,,,Chile,2021-01-21 20:20:31.431839,2021-01-21 20:20:31.431988,1,1
160,megacenter.cl,, +56 222800480,,Cemento y Áridos,,Las Condes,Chile,2021-01-21 20:20:31.431839,2021-01-21 20:20:31.431988,1,1
161,Melon S.A.,,,,Chemicals,,,Chile,2021-01-21 20:20:31.431839,2021-01-21 20:20:31.431988,1,1
162,Messer Chile,, +56 32 292 2870,,Mechanical or Industrial Engineering,,Quilpue,Chile,2021-01-21 20:20:31.431839,2021-01-21 20:20:31.431988,1,1
163,MG Proveedores Industriales Ltda.,,,,,,,Chile,2021-01-21 20:20:31.431839,2021-01-21 20:20:31.431988,1,1
164,micro.cl,,,,Mining & Metals,,Providencia,Chile,2021-01-21 20:20:31.431839,2021-01-21 20:20:31.431988,1,1
165,Minera Las Cenizas S.A.,,,,Food Production,,,Chile,2021-01-21 20:20:31.431839,2021-01-21 20:20:31.431988,1,1
166,Molino Balmaceda,,,,Mining & Metals,,Shenyang,Chile,2021-01-21 20:20:31.431839,2021-01-21 20:20:31.431988,1,1
167,Multiaceros Chile,,56 32 213 3200,,Mechanical or Industrial Engineering,,Concón,Chile,2021-01-21 20:20:31.431839,2021-01-21 20:20:31.431988,1,1
168,Nexxo S.A.,,,,Plastics,,,Chile,2021-01-21 20:20:31.431839,2021-01-21 20:20:31.431988,1,1
169,Novoplast,,,,Food & Beverages,,Las Condes,Chile,2021-01-21 20:20:31.431839,2021-01-21 20:20:31.431988,1,1
170,Orizon,,,,Proyectos,,Espoo,Chile,2021-01-21 20:20:31.431839,2021-01-21 20:20:31.431988,1,1
171,Outotec,, +56 224788000,,Chemicals,,Providencia,Chile,2021-01-21 20:20:31.431839,2021-01-21 20:20:31.431988,1,1
172,Oxiquim S A,,,,Proyectos Agua,,,Chile,2021-01-21 20:20:31.431839,2021-01-21 20:20:31.431988,1,1
173,Palmafusión,, +56 2 2738 7998,,Plastics,,,Chile,2021-01-21 20:20:31.431839,2021-01-21 20:20:31.431988,1,1
174,Pan Pacific,,,,Chemicals,,Santiago,Chile,2021-01-21 20:20:31.431839,2021-01-21 20:20:31.431988,1,1
175,Panimex,,,,Civil Engineering,,Santiago,Chile,2021-01-21 20:20:31.431839,2021-01-21 20:20:31.431988,1,1
176,Pares & Alvarez,,224840500,,Chemicals,,,Chile,2021-01-21 20:20:31.431839,2021-01-21 20:20:31.431988,1,1
177,Pinturas Tajamar,,,,Chemicals,,,Chile,2021-01-21 20:20:31.431839,2021-01-21 20:20:31.431988,1,1
178,Pinturas Technoquim,, +56 2 2290 8700,,Chemicals,,Pudahuel,Chile,2021-01-21 20:20:31.431839,2021-01-21 20:20:31.431988,1,1
179,Pinturas Tricolor,,,,Civil Engineering,,Santiago,Chile,2021-01-21 20:20:31.431839,2021-01-21 20:20:31.431988,1,1
180,Pipesa,,,,Plastics,,,Chile,2021-01-21 20:20:31.431839,2021-01-21 20:20:31.431988,1,1
181,Plazit Polygal,,,,Cemento y Áridos,,Las Condes,Chile,2021-01-21 20:20:31.431839,2021-01-21 20:20:31.431988,1,1
182,Polpaico,,224209221,,Plastics,,,Chile,2021-01-21 20:20:31.431839,2021-01-21 20:20:31.431988,1,1
183,Polychem,,,,Proyectos,,Santiago,Chile,2021-01-21 20:20:31.431839,2021-01-21 20:20:31.431988,1,1
184,Proequipos,, +56 2 2233 5749,,,,,Chile,2021-01-21 20:20:31.431839,2021-01-21 20:20:31.431988,1,1
185,profrio.cl,,,,Mechanical or Industrial Engineering,,Mountain View,Chile,2021-01-21 20:20:31.431839,2021-01-21 20:20:31.431988,1,1
186,ProMinent,,,,,,,Chile,2021-01-21 20:20:31.431839,2021-01-21 20:20:31.431988,1,1
187,Provaltec,,,,Printing,,,Chile,2021-01-21 20:20:31.431839,2021-01-21 20:20:31.431988,1,1
188,Quilicura Graphic Systems,,,,Chemicals,,,Chile,2021-01-21 20:20:31.431839,2021-01-21 20:20:31.431988,1,1
189,Quimica del Sur,, +56 2 2783 4400,,Chemicals,,,Chile,2021-01-21 20:20:31.431839,2021-01-21 20:20:31.431988,1,1
190,Quimica Universal,, +56 2 2747 1330,,Environmental Services,,,Chile,2021-01-21 20:20:31.431839,2021-01-21 20:20:31.431988,1,1
191,Recycling,,227733366,,Chemicals,,,Chile,2021-01-21 20:20:31.431839,2021-01-21 20:20:31.431988,1,1
192,Redoxi,,,,Proyectos Agua,,Santiago,Chile,2021-01-21 20:20:31.431839,2021-01-21 20:20:31.431988,1,1
193,ReliX Water,, +34 915 45 50 00,,Proyectos Agua,,Madrid,Chile,2021-01-21 20:20:31.431839,2021-01-21 20:20:31.431988,1,1
194,Sacyr,,,,Building Materials,,Nanterre,Chile,2021-01-21 20:20:31.431839,2021-01-21 20:20:31.431988,1,1
195,Saint-Gobain,, +56 224760360,,Construction,,Santiago,Chile,2021-01-21 20:20:31.431839,2021-01-21 20:20:31.431988,1,1
196,Salfacorp,,,,Proyectos,,Pudahuel,Chile,2021-01-21 20:20:31.431839,2021-01-21 20:20:31.431988,1,1
197,Salfacorp Comercial,,,,Pharmaceuticals,,,Chile,2021-01-21 20:20:31.431839,2021-01-21 20:20:31.431988,1,1
198,Santepharma,,225352355,,Environmental Services,,,Chile,2021-01-21 20:20:31.431839,2021-01-21 20:20:31.431988,1,1
199,Senavin,,,,Packaging and Containers,,quilicura,Chile,2021-01-21 20:20:31.431839,2021-01-21 20:20:31.431988,1,1
200,Serplas,,8138558636,,Proyectos Agua,,Tampa,Chile,2021-01-21 20:20:31.431839,2021-01-21 20:20:31.431988,1,1
201,Seven Seas Water,,,,Chemicals,,San Bernardo,Chile,2021-01-21 20:20:31.431839,2021-01-21 20:20:31.431988,1,1
202,Sherwin-Williams Chile,, +56 2 2449 0360,,Proyectos,,Santiago,Chile,2021-01-21 20:20:31.431839,2021-01-21 20:20:31.431988,1,1
203,Shimin Ingeniería,,,,Mining & Metals,,Charlotte,Chile,2021-01-21 20:20:31.431839,2021-01-21 20:20:31.431988,1,1
204,Sibelco,,,,,,,Chile,2021-01-21 20:20:31.431839,2021-01-21 20:20:31.431988,1,1
205,signature-cloud.com,, +56 2 2341 9199,,Proyectos Agua,,,Chile,2021-01-21 20:20:31.431839,2021-01-21 20:20:31.431988,1,1
206,Simtech,, +56 2 2599 0956,,Import and Export,,Santiago,Chile,2021-01-21 20:20:31.431839,2021-01-21 20:20:31.431988,1,1
207,Sitrol,, +353 12027000,,Paper & Forest Products,,Dublin,Chile,2021-01-21 20:20:31.431839,2021-01-21 20:20:31.431988,1,1
208,Smurfit Kappa de Chile,,56 22 330 0200,,Oil & Energy,,Santiago,Chile,2021-01-21 20:20:31.431839,2021-01-21 20:20:31.431988,1,1
209,Sociedad Nacional de Oleoductos,,,,Food Production,,Santiago,Chile,2021-01-21 20:20:31.431839,2021-01-21 20:20:31.431988,1,1
210,Sopraval,, +56 2 2428 9500,,Food Production,,,Chile,2021-01-21 20:20:31.431839,2021-01-21 20:20:31.431988,1,1
211,SPES,,,,Facilities Services,,,Chile,2021-01-21 20:20:31.431839,2021-01-21 20:20:31.431988,1,1
212,SQ Energias,, +33 158812000,,Utilities,,Paris,Chile,2021-01-21 20:20:31.431839,2021-01-21 20:20:31.431988,1,1
213,Suez,,225102000,,Chemicals,,,Chile,2021-01-21 20:20:31.431839,2021-01-21 20:20:31.431988,1,1
214,Sun Chemical,,,,Environmental Services,,,Chile,2021-01-21 20:20:31.431839,2021-01-21 20:20:31.431988,1,1
215,SUNSA,,,,,,,Chile,2021-01-21 20:20:31.431839,2021-01-21 20:20:31.431988,1,1
216,superflow-sudamerica.com,,31 24 372 7700,,Pharmaceuticals,,Nijmegen,Chile,2021-01-21 20:20:31.431839,2021-01-21 20:20:31.431988,1,1
217,Synthon,, +56 2 2739 1553,,Chemicals,,Huechuraba,Chile,2021-01-21 20:20:31.431839,2021-01-21 20:20:31.431988,1,1
218,Tanax,, +56 2 2555 1516,,Mechanical or Industrial Engineering,,Santiago,Chile,2021-01-21 20:20:31.431839,2021-01-21 20:20:31.431988,1,1
219,Taylor Automatización S.A.,,,,Proyectos Agua,,Milano,Chile,2021-01-21 20:20:31.431839,2021-01-21 20:20:31.431988,1,1
220,Techint,,224402200,,Chemicals,,,Chile,2021-01-21 20:20:31.431839,2021-01-21 20:20:31.431988,1,1
221,Techman,,,,Food & Beverages,,Curacavi,Chile,2021-01-21 20:20:31.431839,2021-01-21 20:20:31.431988,1,1
222,Terrasanta,,228894811,,Plastics,,,Chile,2021-01-21 20:20:31.431839,2021-01-21 20:20:31.431988,1,1
223,THC Chile S.A.,, +49 441 483242200,,Chemicals,,München,Chile,2021-01-21 20:20:31.431839,2021-01-21 20:20:31.431988,1,1
224,The Linde Group,,,,Proyectos,,,Chile,2021-01-21 20:20:31.431839,2021-01-21 20:20:31.431988,1,1
225,Thermal Engineering,,85230771233,,Computer Software,,Hong Kong,Chile,2021-01-21 20:20:31.431839,2021-01-21 20:20:31.431988,1,1
226,TickTick,,,,Plastics,,São Paulo,Chile,2021-01-21 20:20:31.431839,2021-01-21 20:20:31.431988,1,1
227,Tigre-ADS,, +56 2 2595 5700,,Cemento y Áridos,,Las Condes,Chile,2021-01-21 20:20:31.431839,2021-01-21 20:20:31.431988,1,1
228,Todos los derechos resevados a Cementos Bicentenario SA,,,,Chemicals,,Paris La Défense,Chile,2021-01-21 20:20:31.431839,2021-01-21 20:20:31.431988,1,1
229,Total,,,,Food Production,,,Chile,2021-01-21 20:20:31.431839,2021-01-21 20:20:31.431988,1,1
230,Tresmontes Lucchetti,, +56 2 2676 3300,,Food Production,,Maipu,Chile,2021-01-21 20:20:31.431839,2021-01-21 20:20:31.431988,1,1
231,Trio SA,,,,Printing,,Santiago,Chile,2021-01-21 20:20:31.431839,2021-01-21 20:20:31.431988,1,1
232,Undurraga TI,,,,Consumer Goods,,London,Chile,2021-01-21 20:20:31.431839,2021-01-21 20:20:31.431988,1,1
233,Unilever,,,,Environmental Services,,Paris,Chile,2021-01-21 20:20:31.431839,2021-01-21 20:20:31.431988,1,1
234,Veolia,,,,"Glass, Ceramics & Concrete",,Fairfield,Chile,2021-01-21 20:20:31.431839,2021-01-21 20:20:31.431988,1,1
235,Verallia,, +56 9 6523 2200,,Mechanical or Industrial Engineering,,,Chile,2021-01-21 20:20:31.431839,2021-01-21 20:20:31.431988,1,1
236,Vignola S.a.,,,,Wine and Spirits,,,Chile,2021-01-21 20:20:31.431839,2021-01-21 20:20:31.431988,1,1
237,Viña Agustinos,, +1 562-351-4100,,Wine and Spirits,,Santiago,Chile,2021-01-21 20:20:31.431839,2021-01-21 20:20:31.431988,1,1
238,Viña Cousiño Macul,, +56 223539130,,Wine and Spirits,,Las,Chile,2021-01-21 20:20:31.431839,2021-01-21 20:20:31.431988,1,1
239,Viña Emiliana,, +56 224775300,,Wine and Spirits,,Puente Alto,Chile,2021-01-21 20:20:31.431839,2021-01-21 20:20:31.431988,1,1
240,Vina San Pedro Tarapaca - Molina,, +56 224413790,,Wine and Spirits,,Las Condes,Chile,2021-01-21 20:20:31.431839,2021-01-21 20:20:31.431988,1,1
241,Viña Santa Rita,, +56224298932/33,,Wine and Spirits,,Isla de Maipo,Chile,2021-01-21 20:20:31.431839,2021-01-21 20:20:31.431988,1,1
242,Viña Tarapacá - Isla de Maipo,,56 32 232 9924,,Wine and Spirits,,Casablanca,Chile,2021-01-21 20:20:31.431839,2021-01-21 20:20:31.431988,1,1
243,Viñedos Veramonte,,225573894,,Chemicals,,,Chile,2021-01-21 20:20:31.431839,2021-01-21 20:20:31.431988,1,1
244,Virutex Ilko S.A.,, +56 223380501,,,,Renca,Chile,2021-01-21 20:20:31.431839,2021-01-21 20:20:31.431988,1,1
245,Vital Jugos,,228716463,,Chemicals,,,Chile,2021-01-21 20:20:31.431839,2021-01-21 20:20:31.431988,1,1
246,Walford Detergentes Industriales S.A.,,,,,,Tokyo,Chile,2021-01-21 20:20:31.431839,2021-01-21 20:20:31.431988,1,1
247,Watson-Marlow Fluid Technology Group,,,,Renewables & Environment,,Santiago,Chile,2021-01-21 20:20:31.431839,2021-01-21 20:20:31.431988,1,1
248,WES Chile,,49 231 4102 0,,Machinery,,Dortmund,Chile,2021-01-21 20:20:31.431839,2021-01-21 20:20:31.431988,1,1
249,WILO SE,, +1 914-304-1700,,Proyectos Agua,,Rye Brook,Chile,2021-01-21 20:20:31.431839,2021-01-21 20:20:31.431988,1,1
250,Xylem,,,,Mining & Metals,,La Pintana,Chile,2021-01-21 20:20:31.431839,2021-01-21 20:20:31.431988,1,1
251,ZIGMA,,,,Mechanical or Industrial Engineering,,,Chile,2021-01-21 20:20:31.431839,2021-01-21 20:20:31.431988,1,1
252,Zubra,,,,,,,Chile,2021-01-21 20:20:31.431839,2021-01-21 20:20:31.431988,1,1
